Workbook

Sheet SoSe_2024
A1: ohne Beurlaubte | C1: pro Kopf | D1: Abzüglich Ausländische Abschlüsse
A2: Nur Einfach-Studiengänge berücksichtigt und keine Mehrfach oder Kombinationsstudiengänge
C3: Annhame, BWL Bachelor wäre WiWi Bachelor
C5: Abschluss | E5: 1.FS | F5: 2.FS | G5: 3.FS | H5: 4.FS | I5: 5.FS | J5: 6.FS | K5: 7.FS | L5: 8.FS | M5: 9.FS | N5: 10.FS | O5: 11.FS | P5: 12.FS | Q5: 13.FS | R5: >13.FS | S5: Zahl | T5: Exmatrikulationen | U5: Studierende in RSZ | V5: Abschlussprüfungen
C6: BWL MSc | D6: männlich | S6: =S8-S7 -> 374 | T6: =T8-T7 -> 69 | U6: =U8-U7 -> 272
D7: weiblich | S7: 305 | T7: 53 | U7: 213
D8: Gesamt | S8: 679 | T8: 122 | U8: 485
D9: Ausländer | S9: 159 | T9: 17 | U9: 113
C10: VWL MSc | D10: männlich | S10: =S12-S11 -> 74 | T10: =T12-T11 -> 11 | U10: =U12-U11 -> 42
D11: weiblich | S11: 45 | T11: 17 | U11: 23
D12: Gesamt | S12: 119 | T12: 28 | U12: 65
D13: Ausländer | S13: 29 | T13: 8 | U13: 19
C14: WiWi BSc | D14: männlich | S14: =S16-S15 -> 901 | T14: =T16-T15 -> 81 | U14: =U16-U15 -> 643
D15: weiblich | S15: 528 | T15: 65 | U15: 405
D16: Gesamt | S16: 1429 | T16: 146 | U16: 1048
D17: Ausländer | S17: 133 | T17: 10 | U17: 88
C18: JLU BSc | D18: männlich | S18: 2849 | T18: 355 | U18: 1978
D19: weiblich | S19: 3850 | T19: 462 | U19: 2808
D20: Gesamt | S20: 6699 | T20: 817 | U20: 4786
D21: Ausländer | S21: 428 | T21: 50 | U21: 290
C22: JLU MSc | D22: männlich | S22: 1571 | T22: 279 | U22: 942
D23: weiblich | S23: 2394 | T23: 438 | U23: 1539
D24: Gesamt | S24: 3965 | T24: 717 | U24: 2481
D25: Ausländer | S25: 1079 | T25: 143 | U25: 634

Sheet WiSe_2023_24
A1: ohne Beurlaubte | C1: pro Kopf | D1: Abzüglich Ausländische Abschlüsse
A2: Nur Einfach-Studiengänge berücksichtigt und keine Mehrfach oder Kombinationsstudiengänge
C3: Annhame, BWL Bachelor wäre WiWi Bachelor
C5: Abschluss | E5: 1.FS | F5: 2.FS | G5: 3.FS | H5: 4.FS | I5: 5.FS | J5: 6.FS | K5: 7.FS | L5: 8.FS | M5: 9.FS | N5: 10.FS | O5: 11.FS | P5: 12.FS | Q5: 13.FS | R5: >13.FS | S5: Zahl | T5: Exmatrikulationen | U5: Studierende in RSZ | V5: Abschlussprüfungen
C6: BWL MSc | D6: männlich | S6: =S8-S7 -> 372 | T6: =T8-T7 -> 55 | U6: =U8-U7 -> 308
D7: weiblich | S7: 278 | T7: 73 | U7: 175
D8: Gesamt | S8: 650 | T8: 128 | U8: 483
D9: Ausländer | S9: 137 | T9: 25 | U9: 84
C10: VWL MSc | D10: männlich | S10: =S12-S11 -> 81 | T10: =T12-T11 -> 22 | U10: =U12-U11 -> 40
D11: weiblich | S11: 59 | T11: 18 | U11: 25
D12: Gesamt | S12: 140 | T12: 40 | U12: 65
D13: Ausländer | S13: 40 | T13: 9 | U13: 22
C14: WiWi BSc | D14: männlich | S14: =S16-S15 -> 857 | T14: =T16-T15 -> 123 | U14: =U16-U15 -> 608
D15: weiblich | S15: 562 | T15: 74 | U15: 363
D16: Gesamt | S16: 1419 | T16: 197 | U16: 971
D17: Ausländer | S17: 130 | T17: 11 | U17: 76
C18: JLU BSc | D18: männlich | S18: 3088 | T18: 481 | U18: 2069
D19: weiblich | S19: 4282 | T19: 634 | U19: 2976
D20: Gesamt | S20: 7370 | T20: 1115 | U20: 5045
D21: Ausländer | S21: 467 | T21: 51 | U21: 295
C22: JLU MSc | D22: männlich | S22: 1720 | T22: 261 | U22: 942
D23: weiblich | S23: 2658 | T23: 432 | U23: 1561
D24: Gesamt | S24: 4378 | T24: 693 | U24: 2503
D25: Ausländer | S25: 1132 | T25: 118 | U25: 655

Sheet data_2024
A1: ohne Beurlaubte | C1: pro Kopf | D1: Abzüglich Ausländische Abschlüsse
A2: Nur Einfach-Studiengänge berücksichtigt und keine Mehrfach oder Kombinationsstudiengänge
C3: Annhame, BWL Bachelor wäre WiWi Bachelor
C5: Abschluss | E5: 1.FS | F5: 2.FS | G5: 3.FS | H5: 4.FS | I5: 5.FS | J5: 6.FS | K5: 7.FS | L5: 8.FS | M5: 9.FS | N5: 10.FS | O5: 11.FS | P5: 12.FS | Q5: 13.FS | R5: >13.FS | S5: Zahl | T5: Exmatrikulationen | U5: Studierende in RSZ | V5: Abschlussprüfungen
C6: BWL MSc | D6: männlich | S6: =SoSe_2024!S6+WiSe_2023_24!S6 -> 746 | T6: =SoSe_2024!T6+WiSe_2023_24!T6 -> 124 | U6: =SoSe_2024!U6+WiSe_2023_24!U6 -> 580
D7: weiblich | S7: =SoSe_2024!S7+WiSe_2023_24!S7 -> 583 | T7: =SoSe_2024!T7+WiSe_2023_24!T7 -> 126 | U7: =SoSe_2024!U7+WiSe_2023_24!U7 -> 388
D8: Gesamt | S8: =SoSe_2024!S8+WiSe_2023_24!S8 -> 1329 | T8: =SoSe_2024!T8+WiSe_2023_24!T8 -> 250 | U8: =SoSe_2024!U8+WiSe_2023_24!U8 -> 968
D9: Ausländer | S9: =SoSe_2024!S9+WiSe_2023_24!S9 -> 296 | T9: =SoSe_2024!T9+WiSe_2023_24!T9 -> 42 | U9: =SoSe_2024!U9+WiSe_2023_24!U9 -> 197
C10: VWL MSc | D10: männlich | S10: =SoSe_2024!S10+WiSe_2023_24!S10 -> 155 | T10: =SoSe_2024!T10+WiSe_2023_24!T10 -> 33 | U10: =SoSe_2024!U10+WiSe_2023_24!U10 -> 82
D11: weiblich | S11: =SoSe_2024!S11+WiSe_2023_24!S11 -> 104 | T11: =SoSe_2024!T11+WiSe_2023_24!T11 -> 35 | U11: =SoSe_2024!U11+WiSe_2023_24!U11 -> 48
D12: Gesamt | S12: =SoSe_2024!S12+WiSe_2023_24!S12 -> 259 | T12: =SoSe_2024!T12+WiSe_2023_24!T12 -> 68 | U12: =SoSe_2024!U12+WiSe_2023_24!U12 -> 130
D13: Ausländer | S13: =SoSe_2024!S13+WiSe_2023_24!S13 -> 69 | T13: =SoSe_2024!T13+WiSe_2023_24!T13 -> 17 | U13: =SoSe_2024!U13+WiSe_2023_24!U13 -> 41
C14: Master FB02 | D14: männlich | S14: =S6+S10 -> 901 | T14: =T6+T10 -> 157 | U14: =U6+U10 -> 662
D15: weiblich | S15: =S7+S11 -> 687 | T15: =T7+T11 -> 161 | U15: =U7+U11 -> 436
D16: Gesamt | S16: =S8+S12 -> 1588 | T16: =T8+T12 -> 318 | U16: =U8+U12 -> 1098
D17: Ausländer | S17: =S9+S13 -> 365 | T17: =T9+T13 -> 59 | U17: =U9+U13 -> 238
C18: WiWi BSc | D18: männlich | S18: =SoSe_2024!S14+WiSe_2023_24!S14 -> 1758 | T18: =SoSe_2024!T14+WiSe_2023_24!T14 -> 204 | U18: =SoSe_2024!U14+WiSe_2023_24!U14 -> 1251
D19: weiblich | S19: =SoSe_2024!S15+WiSe_2023_24!S15 -> 1090 | T19: =SoSe_2024!T15+WiSe_2023_24!T15 -> 139 | U19: =SoSe_2024!U15+WiSe_2023_24!U15 -> 768
D20: Gesamt | S20: =SoSe_2024!S16+WiSe_2023_24!S16 -> 2848 | T20: =SoSe_2024!T16+WiSe_2023_24!T16 -> 343 | U20: =SoSe_2024!U16+WiSe_2023_24!U16 -> 2019
D21: Ausländer | S21: =SoSe_2024!S17+WiSe_2023_24!S17 -> 263 | T21: =SoSe_2024!T17+WiSe_2023_24!T17 -> 21 | U21: =SoSe_2024!U17+WiSe_2023_24!U17 -> 164
C22: FB02 WiWi | D22: männlich | S22: =S6+S10+S18 -> 2659 | T22: =T6+T10+T18 -> 361 | U22: =U6+U10+U18 -> 1913
D23: weiblich | S23: =S7+S11+S19 -> 1777 | T23: =T7+T11+T19 -> 300 | U23: =U7+U11+U19 -> 1204
D24: Gesamt | S24: =S8+S12+S20 -> 4436 | T24: =T8+T12+T20 -> 661 | U24: =U8+U12+U20 -> 3117
D25: Ausländer | S25: =S9+S13+S21 -> 628 | T25: =T9+T13+T21 -> 80 | U25: =U9+U13+U21 -> 402
C26: JLU BSc | D26: männlich | S26: =SoSe_2024!S18+WiSe_2023_24!S18 -> 5937 | T26: =SoSe_2024!T18+WiSe_2023_24!T18 -> 836 | U26: =SoSe_2024!U18+WiSe_2023_24!U18 -> 4047
D27: weiblich | S27: =SoSe_2024!S19+WiSe_2023_24!S19 -> 8132 | T27: =SoSe_2024!T19+WiSe_2023_24!T19 -> 1096 | U27: =SoSe_2024!U19+WiSe_2023_24!U19 -> 5784
D28: Gesamt | S28: =SoSe_2024!S20+WiSe_2023_24!S20 -> 14069 | T28: =SoSe_2024!T20+WiSe_2023_24!T20 -> 1932 | U28: =SoSe_2024!U20+WiSe_2023_24!U20 -> 9831
D29: Ausländer | S29: =SoSe_2024!S21+WiSe_2023_24!S21 -> 895 | T29: =SoSe_2024!T21+WiSe_2023_24!T21 -> 101 | U29: =SoSe_2024!U21+WiSe_2023_24!U21 -> 585
C30: JLU MSc | D30: männlich | S30: =SoSe_2024!S22+WiSe_2023_24!S22 -> 3291 | T30: =SoSe_2024!T22+WiSe_2023_24!T22 -> 540 | U30: =SoSe_2024!U22+WiSe_2023_24!U22 -> 1884
D31: weiblich | S31: =SoSe_2024!S23+WiSe_2023_24!S23 -> 5052 | T31: =SoSe_2024!T23+WiSe_2023_24!T23 -> 870 | U31: =SoSe_2024!U23+WiSe_2023_24!U23 -> 3100
D32: Gesamt | S32: =SoSe_2024!S24+WiSe_2023_24!S24 -> 8343 | T32: =SoSe_2024!T24+WiSe_2023_24!T24 -> 1410 | U32: =SoSe_2024!U24+WiSe_2023_24!U24 -> 4984
D33: Ausländer | S33: =SoSe_2024!S25+WiSe_2023_24!S25 -> 2211 | T33: =SoSe_2024!T25+WiSe_2023_24!T25 -> 261 | U33: =SoSe_2024!U25+WiSe_2023_24!U25 -> 1289
